Val,Name
1,Anna Cole
2,Judith Richards
3,Stephen Thomas
4,Nicholas Bailey
5,Christine Perkins
7,Mark Hughes
8,Kathryn Wood
11,Brandon Stevens
16,Jose Kelley
17,Carolyn Ramirez
19,Todd Lewis
20,Alan Morrison
20,Rebecca Olson
23,Peter Day
23,Julia Schmidt
24,John Garcia
25,Tammy George
25,Harry Garza
28,Jason Kim
29,Rose Chapman
30,Jane Peters
31,Albert Henderson
31,Lois Anderson
33,Clarence Garrett
33,Anna Smith
33,Anthony Brown
34,Diana Meyer
36,Jesse Cook
37,Jeffrey Thomas
38,Stephen Morrison
38,Rachel Hall
41,Bonnie Carr
41,Richard King
42,Gloria Phillips
42,Brenda Fisher
42,Anthony Bishop
43,Gary Lopez
44,Amanda Richards
45,Tammy Perez
46,Joseph Graham
48,Alan Stevens
49,Eric Diaz
50,Larry Dixon
51,Fred Castillo
51,Denise Long
52,Pamela Howell
52,Shirley Watkins
52,Janice Frazier
56,Eric Peterson
57,Andrea Knight
57,Jeffrey White
57,Randy Moore
58,Mary Bailey
61,Cheryl Berry
62,Julie Wright
64,Gerald Evans
65,Jessica Patterson
66,Joshua Richardson
66,Donna Long
67,Arthur Henry
68,Larry Mendoza
69,Virginia Owens
69,Lois Berry
69,Jeffrey Hunt
69,Katherine Carpenter
70,Victor Alexander
72,Harry Ford
72,Susan Snyder
72,Ryan Cruz
73,Alice Gibson
75,Charles Walker
75,Doris Morgan
75,Jonathan Boyd
76,Christina Hunter
77,Charles Webb
77,Wanda Romero
78,Juan Fields
78,Charles Welch
79,Julie Banks
81,Dennis Simmons
81,Jessica Wood
82,Jeffrey Ramos
82,Linda Johnson
85,Stephanie Armstrong
85,Antonio Lopez
86,Jesse Gordon
86,Nicholas Austin
86,Matthew Barnes
88,Walter Burns
89,Kathy Castillo
89,Shirley Shaw
89,Keith Ryan
91,Jennifer Lewis
92,Samuel Ramos
95,Randy Carter
96,Brenda Reyes
97,Diana Morrison
98,Kevin Reynolds
99,Christine Myers
100,Norma Perkins
100,Harry Turner
100,Harry Payne
101,Dennis Butler
102,Sarah Phillips
105,Frances Garza
105,Rebecca Dixon
105,Julie Moreno
106,Anna Nguyen
106,Virginia Day
109,Catherine Russell
109,Annie Williams
109,Heather Fox
110,Gregory Gordon
111,Brian Rogers
111,Martha Russell
113,Ernest Sanchez
114,Frank Thompson
114,Walter Carroll
114,Harold Ramos
115,Annie Bradley
116,Sara Cook
116,Diane Martin
117,Daniel Green
118,Robin Weaver
119,Michael Fernandez
119,Matthew Jacobs
121,Stephanie Vasquez
123,Jose Collins
126,Albert Bradley
126,Gregory Adams
126,Bruce Turner
127,Dennis Mcdonald
127,Jean Harris
127,Robert Alvarez
127,Angela Vasquez
128,Benjamin Johnston
128,Arthur Perez
128,Joe Welch
131,Melissa Flores
132,Juan Roberts
134,Kenneth Garrett
134,Linda Fox
137,Sara Taylor
137,Jean Lynch
137,Patricia Banks
141,Charles Freeman
141,Linda Stone
141,Brandon Elliott
141,Betty Elliott
143,Laura Jones
146,Lisa Anderson
147,George Garza
147,Richard Alexander
147,Teresa King
149,Donna Hudson
149,Amanda Price
150,Brenda Powell
150,Christopher Pierce
151,Ernest Torres
151,Kelly Price
151,Jennifer Baker
153,Diane Austin
155,Emily Reid
157,Samuel Myers
157,Christina Jones
159,Annie Williams
162,Donald Dunn
163,Norma Morgan
164,Diana Richards
164,Anne Owens
164,Ronald Berry
169,Debra Bradley
169,Keith Stanley
170,Rose Cox
170,Linda Welch
171,Raymond Ramos
171,Anthony Hunter
172,Jack Alexander
173,Shirley Reid
175,Ryan Cole
177,Martha Morris
178,Robin Richardson
178,Emily Bishop
179,Jean Freeman
179,Robert Wallace
179,Jimmy Fernandez
181,Clarence Sanchez
182,Melissa Anderson
182,Ronald Austin
184,Jeffrey Webb
184,Frances Mills
184,Raymond Parker
186,Thomas Gutierrez
187,Betty Barnes
189,Benjamin Olson
189,Nicole Martinez
190,Harold Wagner
191,Debra Mills
192,Stephen Payne
192,Raymond Morales
193,Janet Evans
193,Ann Hicks
194,Helen Thomas
194,Carlos Burton
194,Judith Henderson
194,Judy Bishop
195,Laura Gonzales
195,Aaron Henderson
196,Kimberly Castillo
197,Denise Lee
199,Scott Stewart
199,Daniel Burns
201,Kevin Richards
201,Julie Miller
205,Jonathan Mccoy
205,Patricia Nelson
206,Ashley Hamilton
207,Kathleen King
211,Carolyn Fuller
212,Aaron Gordon
212,Martha Tucker
214,Brandon Stone
216,Eric Larson
217,Julia Brooks
218,Carol Brown
219,Walter Wood
220,Wayne Roberts
220,Stephanie Harrison
220,Daniel Russell
220,Nicholas Alexander
223,Chris Hicks
226,Diana Gibson
229,Christine Walker
229,Carlos Carroll
229,Heather Olson
231,Jacqueline Martin
233,Emily Burke
234,Albert Stephens
235,Angela Carr
235,Larry Harrison
236,Albert Nguyen
236,Louise Riley
237,Nicole Welch
239,Kelly Fields
239,Richard Thomas
240,Betty Ray
241,Jesse Cooper
242,Rebecca Lee
243,Christopher Jenkins
243,Randy Wheeler
243,Stephen Baker
245,Catherine Foster
245,Victor Warren
246,Jeffrey Greene
247,Douglas Shaw
247,Beverly Montgomery
248,Wayne Torres
248,Diane Holmes
249,Paul Parker
250,Carolyn White
250,Annie Hunter
253,Martin Arnold
254,Brian Nelson
256,Anne West
256,Gerald Tucker
256,Anna Arnold
257,Jesse Lee
258,Jeremy Lawson
260,Jeffrey Hayes
261,Maria Crawford
262,Jason Richards
264,Ronald Gonzales
264,Karen Garrett
264,Laura Flores
264,Deborah Dean
264,Judith Lee
265,Terry Reid
265,Gerald Lawrence
266,Phyllis Oliver
266,Eugene Boyd
269,Katherine Ray
269,Jerry Kelley
270,Joan Williams
270,Antonio Morris
271,Cynthia Ellis
271,Douglas Cole
271,Bobby Boyd
273,Larry Smith
274,Janice Lawrence
274,Walter Sims
276,Tina Hayes
277,Jesse James
277,Willie Turner
279,Janice Ruiz
279,Janice Henry
279,Susan Cooper
280,Brenda Griffin
280,Jeffrey Carter
282,Eric Simmons
284,Craig Kelley
284,Alan Olson
285,Rose Rogers
288,Chris Wood
288,Melissa Hicks
292,Gregory Carpenter
293,Susan Oliver
294,Anne Meyer
294,Sharon Bailey
294,Deborah Hunter
295,Andrew Rose
295,Patrick Smith
296,Bobby Perry
297,Angela Campbell
297,Sharon Reid
297,Lois Russell
298,Joyce Lawrence
301,Virginia Alexander
302,Jerry Weaver
303,Virginia Gordon
303,Jose Sanders
304,Terry Banks
305,Phyllis Nelson
306,Annie Griffin
307,Amy Williamson
308,Aaron Diaz
309,Lois Myers
310,Kenneth Vasquez
312,Jimmy Bell
314,Diana Fox
314,Lori Elliott
315,Roger Barnes
315,Harry Bradley
315,Antonio Walker
315,Jeremy West
317,Joan Sims
318,Laura Jordan
319,Anthony Carr
319,Jesse Mccoy
319,Wanda Mendoza
320,Donald Ruiz
321,Raymond Medina
321,Bobby Gardner
322,Patricia Bryant
324,Sarah Nguyen
326,Brenda Gilbert
327,Mildred Moreno
328,Ann Williams
328,Phyllis Chavez
329,Carl Riley
329,Keith Nelson
330,Andrea Morales
331,Ruth Ray
331,Pamela Phillips
331,Rose Collins
332,Jerry Stewart
332,Irene Collins
333,Diane Hawkins
334,Joshua Hall
335,Ruby Fuller
337,Johnny James
340,Joyce Gonzalez
340,Justin Foster
341,Shirley Diaz
343,Jason Gilbert
343,Donna Alvarez
343,Joyce Davis
346,Raymond Mitchell
350,Kenneth Hicks
351,Richard Brown
351,Nicole Riley
352,Beverly Hart
352,Joan Morrison
355,Patrick White
355,Phyllis Chapman
356,Carl Austin
356,Jesse Armstrong
361,Susan Chavez
362,Stephanie Kelley
363,Harry Romero
364,Amanda Greene
367,Teresa Wells
369,Wanda Sanchez
369,Ann Nichols
370,Gerald West
370,Debra Nguyen
371,Janet Garza
373,David Arnold
374,Helen Peters
374,Judith Olson
376,Shawn Dunn
376,Roy Knight
377,Mary West
378,Julie Ellis
380,Christopher Fox
381,Jessica Welch
383,Marie Elliott
384,Eugene Fernandez
385,Susan Wilson
385,Patricia Weaver
385,Arthur Scott
386,Christopher Scott
387,Michelle Cruz
390,Joe Oliver
390,Patricia Little
390,Joseph Hughes
393,Betty Gilbert
393,Johnny Black
393,Keith Watkins
394,Howard Simmons
395,Phyllis Watkins
396,Annie Riley
396,Alice Mendoza
398,Bobby Morrison
399,Janet Boyd
401,Kathleen Palmer
403,Donald Smith
404,Chris Ford
404,Louise Wood
405,Raymond Jackson
406,Wanda Shaw
406,Jessica Rose
406,Theresa Bailey
407,Randy Richardson
408,Harry Cooper
409,Theresa Martinez
409,Nicholas Rodriguez
410,Jonathan Young
410,Keith Day
411,Carl Flores
412,Kimberly Morgan
413,Jason Tucker
413,Sandra King
414,Larry Lawrence
415,Bonnie Murray
416,Bruce Cox
417,Terry Medina
422,Wanda Martinez
422,Cheryl Foster
423,Dennis Hughes
424,Bobby Kim
424,Rebecca Stewart
424,Wayne Rodriguez
425,Ashley Moreno
425,Bobby Owens
426,Amanda Campbell
430,Richard Evans
430,Lillian Lee
431,Heather Bryant
431,Lillian Sims
431,Karen Oliver
431,Jerry Castillo
433,Debra King
434,Frances Gordon
435,Willie Gilbert
435,Brandon Jones
437,Arthur Berry
438,Anne Bennett
439,Lawrence Harvey
441,Jack Lee
441,Roy Bowman
441,Samuel Pierce
442,Irene Fuller
442,William Day
443,Ernest Ortiz
443,Joe Lee
445,Justin Hill
447,Tammy Wright
448,Marilyn Henry
449,Linda Grant
449,Philip Ruiz
450,Nancy Stanley
450,Shawn Adams
450,John Harvey
450,Cynthia Richards
454,Harry Ramirez
455,Jose Perry
456,George Washington
458,Katherine Baker
461,Cynthia Berry
461,Walter Elliott
462,Barbara Fields
463,Frank Henry
464,Sara Turner
465,Kimberly Garza
465,Raymond Henry
467,Andrew Myers
469,Lillian Graham
469,Christina Morales
470,Melissa Duncan
470,Todd Hudson
471,Richard Hall
471,Kevin Richards
471,Frances Reid
472,Irene Williamson
472,Theresa Woods
472,John Anderson
473,Margaret Shaw
473,Linda Gordon
473,Larry Castillo
475,Diana Morales
475,Robert Simpson
477,Donald Lee
478,Anne Jenkins
478,Christopher Hicks
479,Norma Peterson
479,Tammy Simmons
481,Samuel Rose
482,Kimberly Pierce
482,Brian Perkins
483,George Sanders
484,Donald Howard
485,Lisa Knight
487,Tammy Warren
489,Michael Carroll
489,Mildred Wagner
489,Barbara Welch
495,Scott Fernandez
496,Martha Boyd
496,Judith Ross
496,Roger Wagner
498,Cynthia Duncan
499,Lillian Campbell
500,Henry Davis
501,Andrew Gibson
504,Jacqueline Powell
505,Larry Reid
506,Donna Cunningham
508,Frances Simmons
509,Lawrence Lee
509,Anne Riley
519,Benjamin Stephens
521,Harry Lopez
522,Gloria Duncan
522,Jack Morgan
524,Irene Kelly
525,Carolyn Murray
528,Karen Peterson
528,Eric Davis
529,Emily Lane
529,Victor Sanders
529,Peter Riley
529,Fred Mills
529,Frank Wells
529,Roy Sims
531,Justin Montgomery
531,Patrick Kennedy
531,Lawrence Berry
532,Carolyn Torres
533,Anne Wallace
533,Tina Phillips
533,Denise Brooks
535,Todd Freeman
538,Tammy Larson
538,Todd Watson
539,Daniel Boyd
539,Adam Hughes
540,Fred Perez
540,Joyce Alexander
540,Ernest Porter
542,Howard Wilson
542,Kathy Gomez
547,Stephen Turner
548,Julia Lopez
548,Harold Flores
549,Nicole Harper
550,Walter Armstrong
552,Wayne Simmons
552,Joseph Harper
554,Albert Bailey
555,Lois Rice
556,Earl Carpenter
556,Julia Evans
558,Nancy Turner
559,Margaret Sanchez
560,Dorothy Ward
561,Lawrence Fisher
562,Michelle Armstrong
563,Shawn Rogers
564,Kenneth Gray
565,Steven Bishop
565,Ryan Simpson
566,Craig Knight
567,Betty Wagner
567,Jennifer Gutierrez
567,Randy Webb
568,Matthew Gomez
569,Jason Richardson
569,Shawn Stewart
570,Stephen Armstrong
571,Katherine Palmer
572,Kathryn Warren
572,Justin White
573,Carl Schmidt
573,Ronald Peters
573,Sharon Morris
575,Stephen Gutierrez
576,Alice Hicks
577,Cynthia Stephens
579,Paul Vasquez
580,Judy Castillo
580,Stephen Harper
582,Katherine Johnson
582,Carlos Patterson
582,Joseph Watkins
584,Timothy Ramos
585,Sharon Kim
585,Steve Phillips
586,Debra Brooks
590,Kevin Palmer
593,Anna Hart
594,Melissa Murray
595,Jack Daniels
596,Raymond Jenkins
598,Antonio Willis
599,Jack Garcia
599,Carl Washington
600,Walter Wells
600,Shawn Bailey
601,Angela Jacobs
601,Deborah Gonzalez
602,Laura Stevens
604,Shirley Diaz
605,Carol Adams
605,Lois Mendoza
606,Raymond Hart
608,Annie Hicks
608,Jonathan Evans
610,Mark Lewis
611,Louis Thompson
611,Margaret Brown
611,Norma Reyes
613,Sarah Woods
614,Adam Reed
614,Tammy Morales
616,Matthew Mason
619,Anne Ross
620,Christopher Carter
620,Jean Young
621,Donna Jackson
621,Larry Warren
623,Roger Carter
623,John Oliver
624,Ryan Collins
627,Patrick Ruiz
627,Christopher Carter
627,Joyce Peterson
630,Rachel Gray
630,Robert Bryant
634,Jason Ramos
638,George Sullivan
641,Ashley Perkins
641,Marie Dixon
642,Kimberly Stephens
642,Keith Butler
642,Joyce Wood
643,Aaron Warren
644,Michael Marshall
645,Antonio White
646,Laura Frazier
647,Steve Mccoy
649,Mildred Green
650,Shirley Ward
650,Carlos Boyd
651,Helen Ferguson
655,Margaret Russell
655,Angela Jackson
656,Nicole Gray
659,Sharon Garrett
659,Daniel Rodriguez
661,Joshua Ruiz
661,Norma Ferguson
661,Joe Ford
663,Gregory Miller
665,Nicole Reynolds
665,Catherine Evans
666,Jason Taylor
667,Craig Webb
667,Michael Franklin
667,Joe Lewis
669,Beverly Sanders
669,Stephen Lawson
671,James Black
672,Kathleen Sanders
673,Kathryn Mcdonald
676,Margaret Long
677,Sean Simmons
678,Julia Wagner
681,Angela Bishop
681,Frank Olson
683,George Duncan
684,Justin Cook
686,Robert Black
691,Todd Adams
692,Mildred Morris
694,Melissa Spencer
695,Judy Howell
696,John Hanson
697,Diana Richardson
698,Samuel Jenkins
698,Ashley Mcdonald
700,Wayne Ramirez
703,Virginia Martinez
705,Ralph Medina
705,Tina Stone
707,Harold Jones
707,Martha Gomez
709,Brandon Larson
709,Jane Hamilton
710,Lori Lane
710,Virginia Ward
711,Gloria Graham
712,Kenneth White
713,Craig Stone
715,Frances Collins
715,Mildred Hayes
719,Jessica Russell
719,Amy Wood
720,Nicole Shaw
720,Janet Stevens
720,Keith Gordon
720,David Tucker
721,Joseph Schmidt
724,Nicholas Mcdonald
724,Justin Baker
724,Jerry Williamson
724,Ruby Hill
725,Shirley Austin
726,Donna Bryant
727,Anthony Lane
730,Barbara Hicks
731,Wayne Ramos
731,Ralph West
731,Jennifer Hart
734,Wayne Hughes
734,Timothy Mason
735,Sean King
737,David Baker
738,Keith Barnes
739,Irene Gonzalez
739,Jason Lee
741,Matthew Crawford
742,Ashley Kelley
743,John Harvey
743,Philip Berry
744,Christina Warren
744,Margaret Gibson
745,Frances Campbell
745,Joshua Hall
745,Alice Vasquez
747,Gloria Hanson
747,Maria Howard
747,Kevin James
748,Louis Porter
748,Aaron Mills
748,Karen Hayes
748,Antonio Simpson
750,Laura Sims
751,Rebecca Riley
751,Joan Reyes
753,Patrick Flores
754,Wanda Hansen
754,Justin George
755,Christopher Little
756,Charles Cook
756,Benjamin Kelley
757,Amy Clark
757,Ann Carroll
757,Louis Baker
757,Susan Ellis
758,Andrew Perkins
758,Steven Porter
760,Samuel Jacobs
760,Ann Roberts
761,Jose Richards
761,Michael Austin
761,Jesse Taylor
761,Karen Edwards
762,Charles Hudson
764,Kelly Garrett
765,Jane Cunningham
767,Virginia Thompson
768,Sharon Riley
769,Aaron Cooper
769,Judy Garcia
770,Dorothy Williams
770,Angela Woods
770,Nancy Jenkins
773,Wayne Morales
774,Joshua Mitchell
775,Jerry Montgomery
781,Ruby Wood
782,Patricia Ferguson
783,Beverly Freeman
783,Paul Cunningham
784,Stephen Hall
785,Judith Wood
786,Christina Brooks
788,William Lewis
788,Carol Lewis
790,Brandon Garrett
791,Victor Williamson
793,Rebecca Hayes
796,Lori Rodriguez
798,Brenda Ward
799,Elizabeth Cooper
800,Anthony Castillo
801,Carl Lawrence
801,Lori Cox
801,Kevin Ramos
802,Martin Miller
802,Aaron Gardner
802,Edward Mccoy
803,Shawn Gonzales
808,Ronald Garrett
808,Robin Wells
810,Benjamin Simpson
811,Keith Hart
811,Jesse Bryant
812,Larry Gordon
812,Brandon Garcia
813,Andrea Ortiz
813,Shawn Bailey
815,Janice Washington
818,Raymond Watkins
819,Carlos Hayes
821,Cheryl Porter
824,Robert Kelly
825,Timothy Ford
825,Doris Rodriguez
825,Kimberly Watkins
825,Barbara Davis
826,Bobby Wells
827,Judith Hart
828,Mary Vasquez
828,Joyce Cooper
829,Denise Powell
830,Ruth Larson
832,Anthony Fuller
832,Jose Graham
832,Jeffrey Murphy
833,Gerald Kim
835,Donna Bryant
837,Christine Palmer
838,Theresa Burns
839,Sara Price
840,Eugene Watson
841,Douglas Montgomery
842,Julia Ramirez
842,Ernest Ford
845,Jimmy Roberts
846,Raymond Roberts
847,Diane Richards
847,Tina Henderson
847,Marilyn Kim
848,Albert Lopez
850,Benjamin Dixon
851,Robert Mitchell
851,Cheryl Thomas
852,Patrick White
852,Christina Kennedy
852,Jacqueline Bryant
857,Roger Spencer
858,William Lee
858,Justin Burton
858,Tina Mcdonald
860,Michelle Garrett
862,Lori Rodriguez
862,Jason Vasquez
862,Roger Howell
864,Jean Meyer
866,Jennifer Shaw
868,Wayne Larson
870,Steve Sanders
874,Ruby Fields
874,Julie Harper
874,Phillip Cunningham
875,Frank Jacobs
876,Samuel Rogers
876,Todd Sanders
880,Joseph Garrett
883,Paula Clark
883,Howard Bradley
884,Patrick Graham
885,James Simmons
886,Martha Little
887,Helen Riley
887,Peter Hunt
888,Albert Bowman
889,Joshua Davis
890,Jacqueline Stone
892,Bruce Bell
892,Juan Mendoza
894,Janice Kim
895,Kelly Morris
901,Robin Castillo
902,Robert Kennedy
902,Bonnie Brooks
903,Edward Edwards
904,Laura Perry
904,Kimberly Hernandez
908,Robert White
908,Harry Willis
908,Fred Harvey
909,Wayne Dean
910,Jennifer Cook
911,Gerald Watson
911,Antonio Meyer
913,Henry Mcdonald
913,Joshua Schmidt
914,James Lee
914,Kelly Bryant
914,Janet Young
914,Terry Ruiz
915,Brian Garza
916,Jonathan Olson
916,Paul Kelly
918,Maria Dixon
919,Ryan Lynch
920,Shawn Bishop
921,Douglas Nguyen
923,Willie Evans
924,Jose Chapman
924,Bobby Edwards
926,Chris Andrews
928,Irene Gilbert
929,Louise Ryan
930,Dorothy Sanchez
932,Patrick Morgan
932,Patricia Lopez
932,Mark Wallace
933,Ernest Kelly
936,Donna Martin
936,Keith Gonzales
937,Joshua Robinson
938,Amy Gardner
942,Doris Warren
943,Carl George
944,Johnny Fox
944,Irene Little
945,Patricia Ramirez
947,Cynthia Johnston
947,Kelly Rogers
951,Dorothy Miller
952,Anne Campbell
953,Jerry Fisher
954,Ruby Parker
954,Gerald Porter
955,Betty Owens
956,Earl Nichols
956,Aaron Gordon
956,Carolyn Campbell
957,Jean Turner
957,Martha Bennett
958,Kelly Miller
958,Ronald Garcia
958,Kathleen Ramirez
958,Terry Carter
959,Daniel Richards
961,Robert Morrison
962,Roy Butler
963,Russell Kim
963,Paul Carpenter
963,Lori Garcia
963,Debra Lynch
965,Roy Perez
965,Jean Bell
966,Carolyn Murphy
970,Kevin Watson
972,Karen Bradley
972,Jonathan Gutierrez
973,Carl Murphy
976,Scott Stevens
977,Evelyn Fernandez
977,Louise Bowman
979,Robin Nichols
980,Judith Jackson
981,Wanda Reid
983,Sandra Pierce
984,Alan Ross
984,Henry Mcdonald
986,Robert Snyder
988,Stephanie Warren
988,Rachel Wagner
989,Sean Jackson
989,Sharon Young
990,Dorothy Willis
991,Daniel Torres
991,Theresa Cunningham
992,Janice Mitchell
992,Eugene Wood
994,Christopher Duncan
995,Craig Washington
995,Ryan Simmons
996,Joe Jenkins
998,Janice Snyder
998,Lisa Jackson
1000,Bobby Berry
1000,Willie Burns
1000,Eric Carr
1000,Frank Walker